{
  "afghanistan": { "currency": "AFN", "currency_name": "Afghani" },
  "aruba": {"currency": "AWG", "currency_name": "Aruban florin"},
  "albania": { "currency": "ALL", "currency_name": "Lek" },
  "algeria": { "currency": "DZD", "currency_name": "Algerian Dinar" },
  "andorra": { "currency": "EUR", "currency_name": "Euro" },
  "angola": { "currency": "AOA", "currency_name": "Kwanza" },
  "antigua and barbuda": { "currency": "XCD", "currency_name": "East Caribbean Dollar" },
  "argentina": { "currency": "ARS", "currency_name": "Argentine Peso" },
  "armenia": { "currency": "AMD", "currency_name": "Armenian Dram" },
  "australia": { "currency": "AUD", "currency_name": "Australian Dollar" },
  "austria": { "currency": "EUR", "currency_name": "Euro" },
  "azerbaijan": { "currency": "AZN", "currency_name": "Azerbaijani Manat" },
  "bahamas": { "currency": "BSD", "currency_name": "Bahamian Dollar" },
  "bahrain": { "currency": "BHD", "currency_name": "Bahraini Dinar" },
  "bangladesh": { "currency": "BDT", "currency_name": "Taka" },
  "barbados": { "currency": "BBD", "currency_name": "Barbadian Dollar" },
  "belarus": { "currency": "BYN", "currency_name": "Belarusian Ruble" },
  "belgium": { "currency": "EUR", "currency_name": "Euro" },
  "belize": { "currency": "BZD", "currency_name": "Belize Dollar" },
  "benin": { "currency": "XOF", "currency_name": "West African CFA Franc" },
  "bhutan": { "currency": "BTN", "currency_name": "Ngultrum" },
  "bolivia": { "currency": "BOB", "currency_name": "Boliviano" },
  "bosnia and herzegovina": { "currency": "BAM", "currency_name": "Convertible Mark" },
  "botswana": { "currency": "BWP", "currency_name": "Pula" },
  "brazil": { "currency": "BRL", "currency_name": "Brazilian Real" },
  "brunei": { "currency": "BND", "currency_name": "Brunei Dollar" },
  "bulgaria": { "currency": "BGN", "currency_name": "Bulgarian Lev" },
  "burkina faso": { "currency": "XOF", "currency_name": "West African CFA Franc" },
  "burundi": { "currency": "BIF", "currency_name": "Burundi Franc" },
  "cabo verde": { "currency": "CVE", "currency_name": "Cabo Verde Escudo" },
  "cambodia": { "currency": "KHR", "currency_name": "Riel" },
  "cameroon": { "currency": "XAF", "currency_name": "Central African CFA Franc" },
  "canada": { "currency": "CAD", "currency_name": "Canadian Dollar" },
  "central african republic": { "currency": "XAF", "currency_name": "Central African CFA Franc" },
  "chad": { "currency": "XAF", "currency_name": "Central African CFA Franc" },
  "chile": { "currency": "CLP", "currency_name": "Chilean Peso" },
  "china": { "currency": "CNY", "currency_name": "Yuan Renminbi" },
  "colombia": { "currency": "COP", "currency_name": "Colombian Peso" },
  "comoros": { "currency": "KMF", "currency_name": "Comorian Franc" },
  "congo (brazzaville)": { "currency": "XAF", "currency_name": "Central African CFA Franc" },
  "congo (kinshasa)": { "currency": "CDF", "currency_name": "Congolese Franc" },
  "costa rica": { "currency": "CRC", "currency_name": "Costa Rican Colon" },
  "cote d'ivoire": { "currency": "XOF", "currency_name": "West African CFA Franc" },
  "croatia": { "currency": "HRK", "currency_name": "Croatian Kuna" },
  "cuba": { "currency": "CUP", "currency_name": "Cuban Peso" },
  "cyprus": { "currency": "EUR", "currency_name": "Euro" },
  "czechia": { "currency": "CZK", "currency_name": "Czech Koruna" },
  "denmark": { "currency": "DKK", "currency_name": "Danish Krone" },
  "djibouti": { "currency": "DJF", "currency_name": "Djibouti Franc" },
  "dominica": { "currency": "XCD", "currency_name": "East Caribbean Dollar" },
  "dominican republic": { "currency": "DOP", "currency_name": "Dominican Peso" },
  "ecuador": { "currency": "USD", "currency_name": "US Dollar" },
  "egypt": { "currency": "EGP", "currency_name": "Egyptian Pound" },
  "el salvador": { "currency": "USD", "currency_name": "US Dollar" },
  "equatorial guinea": { "currency": "XAF", "currency_name": "Central African CFA Franc" },
  "eritrea": { "currency": "ERN", "currency_name": "Nakfa" },
  "estonia": { "currency": "EUR", "currency_name": "Euro" },
  "eswatini": { "currency": "SZL", "currency_name": "Lilangeni" },
  "ethiopia": { "currency": "ETB", "currency_name": "Ethiopian Birr" },
  "fiji": { "currency": "FJD", "currency_name": "Fiji Dollar" },
  "finland": { "currency": "EUR", "currency_name": "Euro" },
  "france": { "currency": "EUR", "currency_name": "Euro" },
  "gabon": { "currency": "XAF", "currency_name": "Central African CFA Franc" },
  "gambia": { "currency": "GMD", "currency_name": "Dalasi" },
  "georgia": { "currency": "GEL", "currency_name": "Lari" },
  "germany": { "currency": "EUR", "currency_name": "Euro" },
  "ghana": { "currency": "GHS", "currency_name": "Ghana Cedi" },
  "greece": { "currency": "EUR", "currency_name": "Euro" },
  "grenada": { "currency": "XCD", "currency_name": "East Caribbean Dollar" },
  "guatemala": { "currency": "GTQ", "currency_name": "Quetzal" },
  "guinea": { "currency": "GNF", "currency_name": "Guinean Franc" },
  "guinea-bissau": { "currency": "XOF", "currency_name": "West African CFA Franc" },
  "guyana": { "currency": "GYD", "currency_name": "Guyana Dollar" },
  "haiti": { "currency": "HTG", "currency_name": "Gourde" },
  "honduras": { "currency": "HNL", "currency_name": "Lempira" },
  "hungary": { "currency": "HUF", "currency_name": "Forint" },
  "iceland": { "currency": "ISK", "currency_name": "Iceland Krona" },
  "india": { "currency": "INR", "currency_name": "Indian Rupee" },
  "indonesia": { "currency": "IDR", "currency_name": "Rupiah" },
  "iran": { "currency": "IRR", "currency_name": "Iranian Rial" },
  "iraq": { "currency": "IQD", "currency_name": "Iraqi Dinar" },
  "ireland": { "currency": "EUR", "currency_name": "Euro" },
  "israel": { "currency": "ILS", "currency_name": "Israeli New Shekel" },
  "italy": { "currency": "EUR", "currency_name": "Euro" },
  "jamaica": { "currency": "JMD", "currency_name": "Jamaican Dollar" },
  "japan": { "currency": "JPY", "currency_name": "Yen" },
  "jordan": { "currency": "JOD", "currency_name": "Jordanian Dinar" },
  "kazakhstan": { "currency": "KZT", "currency_name": "Tenge" },
  "kenya": { "currency": "KES", "currency_name": "Kenyan Shilling" },
  "kiribati": { "currency": "AUD", "currency_name": "Australian Dollar" },
  "kuwait": { "currency": "KWD", "currency_name": "Kuwaiti Dinar" },
  "kyrgyzstan": { "currency": "KGS", "currency_name": "Som" },
  "laos": { "currency": "LAK", "currency_name": "Kip" },
  "latvia": { "currency": "EUR", "currency_name": "Euro" },
  "lebanon": { "currency": "LBP", "currency_name": "Lebanese Pound" },
  "lesotho": { "currency": "LSL", "currency_name": "Loti" },
  "liberia": { "currency": "LRD", "currency_name": "Liberian Dollar" },
  "libya": { "currency": "LYD", "currency_name": "Libyan Dinar" },
  "liechtenstein": { "currency": "CHF", "currency_name": "Swiss Franc" },
  "lithuania": { "currency": "EUR", "currency_name": "Euro" },
  "luxembourg": { "currency": "EUR", "currency_name": "Euro" },
  "madagascar": { "currency": "MGA", "currency_name": "Malagasy Ariary" },
  "malawi": { "currency": "MWK", "currency_name": "Kwacha" },
  "malaysia": { "currency": "MYR", "currency_name": "Malaysian Ringgit" },
  "maldives": { "currency": "MVR", "currency_name": "Rufiyaa" },
  "mali": { "currency": "XOF", "currency_name": "West African CFA Franc" },
  "malta": { "currency": "EUR", "currency_name": "Euro" },
  "marshall islands": { "currency": "USD", "currency_name": "US Dollar" },
  "mauritania": { "currency": "MRU", "currency_name": "Ouguiya" },
  "mauritius": { "currency": "MUR", "currency_name": "Mauritius Rupee" },
  "mexico": { "currency": "MXN", "currency_name": "Mexican Peso" },
  "micronesia": { "currency": "USD", "currency_name": "US Dollar" },
  "moldova": { "currency": "MDL", "currency_name": "Moldovan Leu" },
  "monaco": { "currency": "EUR", "currency_name": "Euro" },
  "mongolia": { "currency": "MNT", "currency_name": "Tugrik" },
  "montenegro": { "currency": "EUR", "currency_name": "Euro" },
  "morocco": { "currency": "MAD", "currency_name": "Moroccan Dirham" },
  "mozambique": { "currency": "MZN", "currency_name": "Mozambique Metical" },
  "myanmar": { "currency": "MMK", "currency_name": "Kyat" },
  "namibia": { "currency": "NAD", "currency_name": "Namibia Dollar" },
  "nauru": { "currency": "AUD", "currency_name": "Australian Dollar" },
  "nepal": { "currency": "NPR", "currency_name": "Nepalese Rupee" },
  "netherlands": { "currency": "EUR", "currency_name": "Euro" },
  "new zealand": { "currency": "NZD", "currency_name": "New Zealand Dollar" },
  "nicaragua": { "currency": "NIO", "currency_name": "Cordoba Oro" },
  "niger": { "currency": "XOF", "currency_name": "West African CFA Franc" },
  "nigeria": { "currency": "NGN", "currency_name": "Naira" },
  "north macedonia": { "currency": "MKD", "currency_name": "Denar" },
  "norway": { "currency": "NOK", "currency_name": "Norwegian Krone" },
  "oman": { "currency": "OMR", "currency_name": "Rial Omani" },
  "pakistan": { "currency": "PKR", "currency_name": "Pakistan Rupee" },
  "palau": { "currency": "USD", "currency_name": "US Dollar" },
  "palestine": { "currency": "ILS", "currency_name": "Israeli New Shekel" },
  "panama": { "currency": "PAB", "currency_name": "Balboa" },
  "papua new guinea": { "currency": "PGK", "currency_name": "Kina" },
  "paraguay": { "currency": "PYG", "currency_name": "Guarani" },
  "peru": { "currency": "PEN", "currency_name": "Sol" },
  "philippines": { "currency": "PHP", "currency_name": "Philippine Peso" },
  "poland": { "currency": "PLN", "currency_name": "Zloty" },
  "portugal": { "currency": "EUR", "currency_name": "Euro" },
  "qatar": { "currency": "QAR", "currency_name": "Qatari Riyal" },
  "romania": { "currency": "RON", "currency_name": "Romanian Leu" },
  "russia": { "currency": "RUB", "currency_name": "Russian Ruble" },
  "rwanda": { "currency": "RWF", "currency_name": "Rwanda Franc" },
  "saint kitts and nevis": { "currency": "XCD", "currency_name": "East Caribbean Dollar" },
  "saint lucia": { "currency": "XCD", "currency_name": "East Caribbean Dollar" },
  "saint vincent and the grenadines": { "currency": "XCD", "currency_name": "East Caribbean Dollar" },
  "samoa": { "currency": "WST", "currency_name": "Tala" },
  "san marino": { "currency": "EUR", "currency_name": "Euro" },
  "sao tome and principe": { "currency": "STN", "currency_name": "Dobra" },
  "saudi arabia": { "currency": "SAR", "currency_name": "Saudi Riyal" },
  "senegal": { "currency": "XOF", "currency_name": "West African CFA Franc" },
  "serbia": { "currency": "RSD", "currency_name": "Serbian Dinar" },
  "seychelles": { "currency": "SCR", "currency_name": "Seychelles Rupee" },
  "sierra leone": { "currency": "SLL", "currency_name": "Leone" },
  "singapore": { "currency": "SGD", "currency_name": "Singapore Dollar" },
  "slovakia": { "currency": "EUR", "currency_name": "Euro" },
  "slovenia": { "currency": "EUR", "currency_name": "Euro" },
  "solomon islands": { "currency": "SBD", "currency_name": "Solomon Islands Dollar" },
  "somalia": { "currency": "SOS", "currency_name": "Somali Shilling" },
  "south africa": { "currency": "ZAR", "currency_name": "Rand" },
  "south korea": { "currency": "KRW", "currency_name": "South Korean Won" },
  "south sudan": { "currency": "SSP", "currency_name": "South Sudanese Pound" },
  "spain": { "currency": "EUR", "currency_name": "Euro" },
  "sri lanka": { "currency": "LKR", "currency_name": "Sri Lanka Rupee" },
  "sudan": { "currency": "SDG", "currency_name": "Sudanese Pound" },
  "suriname": { "currency": "SRD", "currency_name": "Surinam Dollar" },
  "sweden": { "currency": "SEK", "currency_name": "Swedish Krona" },
  "switzerland": { "currency": "CHF", "currency_name": "Swiss Franc" },
  "syria": { "currency": "SYP", "currency_name": "Syrian Pound" },
  "taiwan": { "currency": "TWD", "currency_name": "New Taiwan Dollar" },
  "tajikistan": { "currency": "TJS", "currency_name": "Somoni" },
  "tanzania": { "currency": "TZS", "currency_name": "Tanzanian Shilling" },
  "thailand": { "currency": "THB", "currency_name": "Baht" },
  "timor-leste": { "currency": "USD", "currency_name": "US Dollar" },
  "togo": { "currency": "XOF", "currency_name": "West African CFA Franc" },
  "tonga": { "currency": "TOP", "currency_name": "Paʻanga" },
  "trinidad and tobago": { "currency": "TTD", "currency_name": "Trinidad and Tobago Dollar" },
  "tunisia": { "currency": "TND", "currency_name": "Tunisian Dinar" },
  "turkey": { "currency": "TRY", "currency_name": "Turkish Lira" },
  "turkmenistan": { "currency": "TMT", "currency_name": "Turkmenistan Manat" },
  "tuvalu": { "currency": "AUD", "currency_name": "Australian Dollar" },
  "uganda": { "currency": "UGX", "currency_name": "Uganda Shilling" },
  "ukraine": { "currency": "UAH", "currency_name": "Hryvnia" },
  "united arab emirates": { "currency": "AED", "currency_name": "UAE Dirham" },
  "united kingdom": { "currency": "GBP", "currency_name": "Pound Sterling" },
  "united states": { "currency": "USD", "currency_name": "US Dollar" },
  "uruguay": { "currency": "UYU", "currency_name": "Uruguayan Peso" },
  "uzbekistan": { "currency": "UZS", "currency_name": "Uzbekistan Som" },
  "vanuatu": { "currency": "VUV", "currency_name": "Vatu" },
  "venezuela": { "currency": "VES", "currency_name": "Bolívar Soberano" },
  "vietnam": { "currency": "VND", "currency_name": "Dong" },
  "yemen": { "currency": "YER", "currency_name": "Yemeni Rial" },
  "zambia": { "currency": "ZMW", "currency_name": "Zambian Kwacha" },
  "zimbabwe": { "currency": "ZWL", "currency_name": "Zimbabwe Dollar" }
}

